Project,Metric,Runs,Statistic,p_value,Effect_size_r,Significant_at_alpha,Alpha,Baseline_PosF1_mean,Proposed_PosF1_mean,Delta_Proposed_minus_Baseline
pytorch,Positive-class F1,30,0.0,1.862645149230957e-09,0.8730951162199987,True,0.05,0.3942121097037676,0.5221802939652496,0.12796818426148207
tensorflow,Positive-class F1,30,0.0,1.862645149230957e-09,0.8730951162199987,True,0.05,0.4488662543151266,0.6796820206709929,0.23081576635586637
keras,Positive-class F1,30,0.0,1.862645149230957e-09,0.8730951162199987,True,0.05,0.4685014960090565,0.6805553635242912,0.21205386751523464
incubator-mxnet,Positive-class F1,30,0.0,1.862645149230957e-09,0.8730951162199987,True,0.05,0.3685664017363011,0.583710987693293,0.2151445859569917
caffe,Positive-class F1,30,83.0,0.0014574769884347916,0.5614095478489884,True,0.05,0.29920409191468317,0.36949722905134136,0.07029313713665811
