Model,Runs,Accuracy_mean,Accuracy_std,Precision_mean,Precision_std,Recall_mean,Recall_std,F1_mean,F1_std,AUC_mean,AUC_std,PosPrecision_mean,PosPrecision_std,PosRecall_mean,PosRecall_std,PosF1_mean,PosF1_std,Project,TestSize,MaxFeatures
Logistic Regression,30,0.8589147286821708,0.02891171503716514,0.6565536105220399,0.06615438179675866,0.6408333333333333,0.058585870058521824,0.6449340341054202,0.058642629377102205,0.7886403508771931,0.061119786241748235,0.3967904317904318,0.12167971858793344,0.35666666666666663,0.11455226851626388,0.36949722905134136,0.10422224401208192,caffe,0.3,1000
