Model,Runs,Accuracy_mean,Accuracy_std,Precision_mean,Precision_std,Recall_mean,Recall_std,F1_mean,F1_std,AUC_mean,AUC_std,PosPrecision_mean,PosPrecision_std,PosRecall_mean,PosRecall_std,PosF1_mean,PosF1_std,Project,TestSize,MaxFeatures
Naive Bayes,30,0.5282945736434108,0.09787186269977095,0.5749386578580241,0.023273698963784468,0.6679824561403509,0.05026399987047766,0.46800128225378684,0.06413681825689649,0.7443201754385965,0.05711584390752985,0.18579677199554745,0.040338904259460344,0.85,0.13601470508735444,0.29920409191468317,0.03696761696070773,caffe,0.3,1000
