Model,Runs,Accuracy_mean,Accuracy_std,Precision_mean,Precision_std,Recall_mean,Recall_std,F1_mean,F1_std,AUC_mean,AUC_std,PosPrecision_mean,PosPrecision_std,PosRecall_mean,PosRecall_std,PosF1_mean,PosF1_std,Project,TestSize,MaxFeatures
Logistic Regression,30,0.8898924731182798,0.02158694209261007,0.7556238543077864,0.0480706128469047,0.7671296296296296,0.054133946010371914,0.7601122223957897,0.04914573520739088,0.9061604938271606,0.02545848146121905,0.5706108827508074,0.08440152621882162,0.6016666666666667,0.1028618274947298,0.583710987693293,0.08653163209807434,incubator-mxnet,0.3,1000
