Model,Runs,Accuracy_mean,Accuracy_std,Precision_mean,Precision_std,Recall_mean,Recall_std,F1_mean,F1_std,AUC_mean,AUC_std,PosPrecision_mean,PosPrecision_std,PosRecall_mean,PosRecall_std,PosF1_mean,PosF1_std,Project,TestSize,MaxFeatures
Naive Bayes,30,0.5868817204301074,0.05467993037234354,0.6054050404814143,0.017392742227054635,0.730895061728395,0.03847032488772257,0.5299659935324961,0.04232722831026595,0.8631851851851853,0.03670375976375731,0.23075857806774674,0.026476970345441234,0.925,0.05737304826019501,0.3685664017363011,0.034760528987614434,incubator-mxnet,0.3,1000
