Model,Runs,Accuracy_mean,Accuracy_std,Precision_mean,Precision_std,Recall_mean,Recall_std,F1_mean,F1_std,AUC_mean,AUC_std,PosPrecision_mean,PosPrecision_std,PosRecall_mean,PosRecall_std,PosF1_mean,PosF1_std,Project,TestSize,MaxFeatures
Logistic Regression,30,0.861028192371476,0.02071043882686456,0.7854997553578389,0.02888574193241509,0.8111229674796748,0.03355888909421893,0.7958233161898088,0.029339745230823878,0.9081504065040649,0.020399460389173937,0.6431872886297413,0.050035348951304875,0.7268292682926829,0.0673571225275056,0.6805553635242912,0.046303786288921504,keras,0.3,1000
