Model,Runs,Accuracy_mean,Accuracy_std,Precision_mean,Precision_std,Recall_mean,Recall_std,F1_mean,F1_std,AUC_mean,AUC_std,PosPrecision_mean,PosPrecision_std,PosRecall_mean,PosRecall_std,PosF1_mean,PosF1_std,Project,TestSize,MaxFeatures
Naive Bayes,30,0.5665008291873963,0.03462947068348064,0.6394299920688163,0.014707563517914682,0.7032190040650407,0.025043205490955588,0.5507776259387446,0.029971870691536548,0.851153455284553,0.028294086911624054,0.3129600990668442,0.01801036905978024,0.9341463414634146,0.03570762805853292,0.4685014960090565,0.021598835810233943,keras,0.3,1000
