Model,Runs,Accuracy_mean,Accuracy_std,Precision_mean,Precision_std,Recall_mean,Recall_std,F1_mean,F1_std,AUC_mean,AUC_std,PosPrecision_mean,PosPrecision_std,PosRecall_mean,PosRecall_std,PosF1_mean,PosF1_std,Project,TestSize,MaxFeatures
Logistic Regression,30,0.8443952802359882,0.02134570427982601,0.6900408385671902,0.029491551822063655,0.7666520800513449,0.04063747476745661,0.7145585949122373,0.032454989329487906,0.8755469980745668,0.02163772833217794,0.4338986138326951,0.05157865709934177,0.6620689655172414,0.08275862068965516,0.5221802939652496,0.05374972618533204,pytorch,0.3,1000
