Model,Runs,Accuracy_mean,Accuracy_std,Precision_mean,Precision_std,Recall_mean,Recall_std,F1_mean,F1_std,AUC_mean,AUC_std,PosPrecision_mean,PosPrecision_std,PosRecall_mean,PosRecall_std,PosF1_mean,PosF1_std,Project,TestSize,MaxFeatures
Naive Bayes,30,0.63952802359882,0.03816156136589079,0.615300409654139,0.014021497608511128,0.7540229885057472,0.02581257998217914,0.5684724404843265,0.029849236940762854,0.8448100822685104,0.02619151525908758,0.2524013121626965,0.02441081640608426,0.9080459770114943,0.04568875152724551,0.3942121097037676,0.02831471189491774,pytorch,0.3,1000
