Model,Runs,Accuracy_mean,Accuracy_std,Precision_mean,Precision_std,Recall_mean,Recall_std,F1_mean,F1_std,AUC_mean,AUC_std,PosPrecision_mean,PosPrecision_std,PosRecall_mean,PosRecall_std,PosF1_mean,PosF1_std,Project,TestSize,MaxFeatures
Naive Bayes,30,0.5592841163310961,0.025045273115207555,0.6356599280146632,0.010793589020730543,0.7108077528532075,0.019285939002591103,0.5406517231361375,0.02158164316499562,0.8624316760680397,0.017932315240993195,0.2936456375140538,0.013328535703067256,0.9535714285714285,0.025597545115666885,0.4488662543151266,0.016680565704271007,tensorflow,0.3,1000
