Model,Runs,Accuracy_mean,Accuracy_std,Precision_mean,Precision_std,Recall_mean,Recall_std,F1_mean,F1_std,AUC_mean,AUC_std,PosPrecision_mean,PosPrecision_std,PosRecall_mean,PosRecall_std,PosF1_mean,PosF1_std,Project,TestSize,MaxFeatures
Logistic Regression,30,0.8568232662192394,0.015861071404796923,0.7694452974987137,0.01983019648167977,0.8377312081857535,0.0213394944028432,0.7937280973008317,0.02062834002526114,0.9227371113734751,0.013107120008018275,0.5877286988534678,0.03398314108691489,0.807142857142857,0.037064426758208306,0.6796820206709929,0.03099962483390208,tensorflow,0.3,1000
